{
  "key1" : 1.0000000000e+00,
  "key2" : 2.0000000000e+00,
  "key3" : 1.0000000000e+00
}
